Id;OrderDate;CustomerId;TotalAmount;OrderNumber
1;2019-07-21 09:55:33;85;440.00;542378
2;2019-11-15 04:34:48;79;1863.40;542379
3;2018-11-03 14:13:57;34;1813.00;542380
4;2019-06-20 10:31:56;84;670.80;542381
5;2018-12-14 07:04:23;76;3730.00;542382
6;2019-07-21 15:52:44;34;1444.80;542383
7;2019-01-17 07:17:04;14;625.20;542384
8;2019-10-06 00:53:45;68;2490.50;542385
9;2019-10-24 03:44:06;88;517.80;542386
10;2019-08-06 02:05:51;35;1119.90;542387
11;2020-01-18 22:23:31;20;2018.60;542388
12;2019-08-07 06:46:39;13;100.80;542389
13;2019-05-09 13:49:16;56;1746.20;542390
14;2019-06-23 23:52:59;61;448.00;542391
15;2019-02-24 16:03:42;65;624.80;542392
16;2018-10-30 07:46:09;20;2464.80;542393
17;2019-11-21 02:46:12;24;724.50;542394
18;2019-05-28 22:39:08;7;1176.00;542395
19;2018-11-15 08:03:41;87;364.80;542396
20;2019-05-05 08:27:35;25;4031.00;542397
21;2019-11-29 04:13:27;33;1101.20;542398
22;2019-08-31 16:51:04;89;676.00;542399
23;2020-02-07 22:41:35;87;1376.00;542400
24;2019-08-30 12:01:16;75;48.00;542401
25;2019-07-04 15:08:13;65;1456.00;542402
26;2020-01-20 14:43:51;63;2142.40;542403
27;2019-11-21 01:21:12;85;538.60;542404
28;2019-02-06 20:41:02;49;307.20;542405
29;2019-01-14 15:28:10;80;420.00;542406
30;2019-05-24 14:24:19;52;1200.80;542407
31;2019-09-05 11:43:38;5;1488.80;542408
32;2020-01-13 01:31:48;44;468.00;542409
33;2019-04-08 17:34:43;5;613.20;542410
34;2019-06-08 23:24:46;69;86.50;542411
35;2019-03-14 02:26:18;69;155.40;542412
36;2019-03-11 13:03:43;46;1414.80;542413
37;2019-11-14 09:06:20;44;1452.00;542414
38;2019-11-30 03:27:04;63;2179.20;542415
39;2019-10-12 00:02:55;63;3016.00;542416
40;2018-12-23 00:00:00;67;924.00;542417
41;2018-09-27 11:57:48;66;89.00;542418
42;2019-12-17 23:55:34;11;479.40;542419
43;2020-01-16 19:51:02;15;2169.00;542420
44;2020-02-26 13:35:03;61;552.80;542421
45;2018-10-13 05:28:43;81;1296.00;542422
46;2020-01-05 00:45:01;80;848.70;542423
47;2020-02-28 19:25:30;65;1887.60;542424
48;2018-11-28 19:59:05;85;121.60;542425
49;2018-12-11 18:45:31;46;1050.60;542426
50;2019-07-04 08:56:54;7;1420.00;542427
51;2018-10-30 09:34:33;37;3127.00;542428
52;2018-10-28 09:08:37;67;349.50;542429
53;2019-02-20 16:06:00;49;608.00;542430
54;2019-01-18 15:10:47;86;755.00;542431
55;2019-05-03 02:42:30;76;2708.80;542432
56;2019-05-09 02:06:43;30;1242.00;542433
57;2018-07-29 12:32:42;80;954.40;542434
58;2019-09-13 09:29:56;55;4157.00;542435
59;2019-03-24 17:58:10;69;498.50;542436
60;2018-07-18 12:27:34;48;424.00;542437
61;2019-12-03 09:29:57;2;88.80;542438
62;2018-09-28 05:13:37;37;1762.00;542439
63;2018-10-26 22:44:51;77;336.00;542440
64;2019-05-21 01:09:57;18;268.80;542441
65;2018-08-07 06:41:49;86;1614.80;542442
66;2019-09-21 07:05:49;63;182.40;542443
67;2019-04-06 23:30:14;65;2327.00;542444
68;2018-08-29 23:20:17;38;516.80;542445
69;2018-09-16 10:17:19;65;2835.00;542446
70;2019-01-26 04:32:19;48;288.00;542447
71;2019-01-17 01:56:13;38;240.40;542448
72;2019-07-10 19:10:43;80;1191.20;542449
73;2018-08-14 15:11:31;87;516.00;542450
74;2019-05-28 19:31:59;38;144.00;542451
75;2019-04-23 01:12:00;58;112.00;542452
76;2019-10-30 18:30:35;39;164.40;542453
77;2019-05-13 14:03:33;71;6155.90;542454
78;2018-11-02 13:52:35;39;1497.00;542455
79;2019-04-17 15:18:51;8;982.00;542456
80;2019-10-09 21:03:06;24;2262.50;542457
81;2019-02-14 08:25:31;28;1168.00;542458
82;2019-06-27 15:04:52;75;4819.40;542459
83;2019-11-22 12:14:21;46;1940.00;542460
84;2019-02-19 13:03:44;9;88.50;542461
85;2019-03-14 16:42:12;51;2233.60;542462
86;2020-02-05 19:26:23;87;954.00;542463
87;2019-05-06 07:11:56;84;144.80;542464
88;2019-08-14 13:47:06;37;2545.20;542465
89;2019-11-19 09:26:15;60;316.80;542466
90;2018-09-13 02:56:33;25;2467.00;542467
91;2018-09-23 11:30:36;55;934.50;542468
92;2019-01-18 23:49:54;51;3463.20;542469
93;2018-11-20 22:44:20;9;2564.40;542470
94;2018-10-19 17:18:31;73;412.00;542471
95;2018-11-04 17:26:10;25;2300.80;542472
96;2019-04-30 10:21:51;44;1586.00;542473
97;2019-12-06 09:37:22;89;2856.00;542474
98;2019-10-21 14:07:53;63;2924.80;542475
99;2019-01-21 03:53:53;65;1731.20;542476
100;2019-01-22 13:12:21;21;928.00;542477
101;2019-08-22 05:26:42;86;396.00;542478
102;2019-02-26 08:43:00;75;141.60;542479
103;2020-01-19 15:21:29;41;713.40;542480
104;2019-03-30 10:45:02;20;5677.60;542481
105;2019-04-03 19:47:18;28;154.00;542482
106;2020-01-20 17:47:59;59;10741.60;542483
107;2018-12-16 13:44:35;58;568.80;542484
108;2019-07-05 16:25:34;4;480.00;542485
109;2018-10-22 14:00:41;86;1106.40;542486
110;2018-09-15 08:53:16;46;1360.00;542487
111;2018-08-13 01:30:55;41;452.00;542488
112;2020-02-24 17:01:20;72;3654.40;542489
113;2019-09-03 03:40:29;7;7390.20;542490
114;2019-06-02 14:25:00;63;2273.60;542491
115;2019-08-02 12:10:10;9;1549.60;542492
116;2019-06-30 03:42:27;17;447.20;542493
117;2018-07-15 16:08:16;19;950.00;542494
118;2019-01-30 22:40:38;3;403.20;542495
119;2019-08-17 03:04:55;29;136.00;542496
120;2019-01-06 16:29:18;83;834.20;542497
121;2019-05-26 13:18:18;20;1834.20;542498
122;2019-10-09 03:10:13;75;2527.20;542499
123;2018-10-16 21:02:44;14;1174.00;542500
124;2019-07-13 00:49:37;41;91.20;542501
125;2019-05-29 10:06:29;62;12281.20;542502
126;2019-12-15 23:10:08;37;1708.00;542503
127;2019-09-12 10:37:49;91;459.00;542504
128;2020-02-16 06:45:14;36;338.00;542505
129;2019-09-05 22:59:20;51;420.00;542506
130;2019-07-11 21:47:32;72;1016.00;542507
131;2020-02-06 15:06:17;24;103.20;542508
132;2020-01-23 07:15:25;61;959.20;542509
133;2019-10-30 01:04:47;37;1419.80;542510
134;2018-10-11 17:44:17;46;112.00;542511
135;2019-04-15 14:33:40;20;2900.00;542512
136;2019-12-04 05:42:03;4;899.00;542513
137;2019-11-24 05:55:52;5;2222.40;542514
138;2019-07-14 22:39:45;75;864.00;542515
139;2019-06-28 22:37:44;21;166.00;542516
140;2018-09-03 07:15:59;70;1058.40;542517
141;2019-10-09 17:33:21;72;1274.00;542518
142;2019-04-18 02:05:21;10;1832.80;542519
143;2018-08-30 04:53:16;20;2275.20;542520
144;2018-08-15 06:16:54;17;86.40;542521
145;2018-08-17 15:51:18;59;1440.00;542522
146;2018-10-13 11:32:21;71;3302.60;542523
147;2019-07-17 09:14:27;36;442.00;542524
148;2019-06-30 08:41:48;35;2333.20;542525
149;2018-09-03 01:52:14;25;1903.80;542526
150;2019-10-04 08:22:20;60;843.20;542527
151;2019-03-22 20:21:36;71;2736.00;542528
152;2020-01-12 16:47:32;83;1765.60;542529
153;2018-12-12 06:59:29;19;3063.00;542530
154;2019-07-08 09:41:26;65;3868.60;542531
155;2018-11-18 00:35:15;20;2713.50;542532
156;2019-01-17 09:58:31;20;1005.90;542533
157;2020-02-04 23:13:28;49;1675.00;542534
158;2019-10-17 22:18:20;47;400.00;542535
159;2018-07-05 03:57:52;62;2018.20;542536
160;2019-09-21 15:00:53;56;1194.00;542537
161;2019-07-16 23:17:27;23;1622.40;542538
162;2020-01-15 22:31:11;54;319.20;542539
163;2019-09-21 15:50:07;10;802.00;542540
164;2019-12-31 10:43:40;10;1208.50;542541
165;2018-12-18 03:14:33;87;372.00;542542
166;2019-09-12 09:08:22;41;2123.20;542543
167;2019-09-26 09:04:45;21;231.40;542544
168;2019-05-30 04:05:13;36;102.40;542545
169;2019-05-07 16:18:26;87;720.00;542546
170;2020-01-07 20:23:04;73;11283.20;542547
171;2018-07-03 13:06:39;63;1814.80;542548
172;2019-01-10 18:30:38;68;2208.00;542549
173;2019-06-13 15:19:50;88;1897.60;542550
174;2019-12-26 07:13:49;61;1273.20;542551
175;2019-09-18 11:16:12;27;49.80;542552
176;2020-02-15 09:46:06;31;1020.00;542553
177;2019-08-14 12:08:29;51;11493.20;542554
178;2019-03-24 06:30:44;41;480.00;542555
179;2018-10-13 19:14:47;29;338.20;542556
180;2019-06-08 16:48:20;59;651.00;542557
181;2018-12-17 23:23:51;66;192.00;542558
182;2019-09-13 06:40:51;37;1748.50;542559
183;2019-10-01 08:19:17;20;5796.00;542560
184;2019-06-21 07:40:28;10;2523.00;542561
185;2019-08-11 12:31:03;75;485.00;542562
186;2019-06-19 01:40:29;60;851.20;542563
187;2019-12-30 17:55:47;24;360.00;542564
188;2019-09-24 09:44:07;16;631.60;542565
189;2020-03-02 17:59:46;7;2210.80;542566
190;2019-10-17 09:53:05;87;393.00;542567
191;2019-12-19 18:32:42;79;567.50;542568
192;2018-08-04 12:10:49;51;1078.00;542569
193;2019-08-15 19:22:36;71;5793.10;542570
194;2018-10-14 20:27:09;55;1755.00;542571
195;2019-12-12 21:14:33;20;1792.00;542572
196;2019-10-31 04:57:50;66;537.60;542573
197;2019-02-18 19:12:06;5;1031.70;542574
198;2019-05-16 21:13:37;5;174.90;542575
199;2019-04-14 10:38:23;79;273.60;542576
200;2019-10-23 12:37:39;67;914.40;542577
201;2019-05-03 04:19:40;64;443.40;542578
202;2018-10-03 06:52:00;7;1838.20;542579
203;2018-12-18 09:27:33;84;531.40;542580
204;2020-01-23 01:48:21;63;4277.40;542581
205;2019-11-12 12:45:41;71;2096.00;542582
206;2018-12-18 20:29:59;4;453.00;542583
207;2020-02-09 17:19:24;41;414.00;542584
208;2020-02-07 09:13:41;87;2684.00;542585
209;2020-01-04 04:16:48;39;656.00;542586
210;2019-07-24 03:49:32;39;1584.00;542587
211;2019-04-13 05:23:50;76;3891.00;542588
212;2019-03-26 14:37:09;84;1688.00;542589
213;2019-10-30 08:00:51;24;234.80;542590
214;2019-08-01 17:19:23;46;2051.60;542591
215;2019-12-09 13:40:59;16;156.00;542592
216;2019-01-30 13:33:19;76;713.30;542593
217;2018-10-14 14:50:14;28;1848.00;542594
218;2019-11-17 21:37:49;83;2719.00;542595
219;2019-06-28 23:44:59;15;216.00;542596
220;2019-04-29 04:58:04;49;235.20;542597
221;2019-08-29 00:41:56;39;717.60;542598
222;2020-02-20 22:42:03;89;1125.50;542599
223;2019-11-11 12:31:04;9;1820.80;542600
224;2018-09-18 04:35:45;11;1328.00;542601
225;2018-11-11 10:32:07;72;1051.20;542602
226;2019-09-05 13:59:55;38;230.40;542603
227;2019-12-11 11:29:48;58;1249.10;542604
228;2018-10-27 12:35:52;76;1770.80;542605
229;2019-02-26 05:36:32;35;182.40;542606
230;2019-02-18 00:21:39;60;672.00;542607
231;2019-09-15 08:05:13;84;496.00;542608
232;2019-04-08 12:27:43;65;10495.60;542609
233;2018-09-24 13:09:34;23;756.00;542610
234;2019-01-17 16:31:13;67;1472.00;542611
235;2018-11-11 05:13:57;43;147.00;542612
236;2018-09-04 23:42:44;89;704.00;542613
237;2019-12-30 18:58:23;11;386.20;542614
238;2018-09-19 18:50:20;47;1760.00;542615
239;2020-03-01 03:23:06;35;1272.00;542616
240;2019-06-09 03:31:06;62;925.10;542617
241;2019-11-18 19:32:44;25;1560.00;542618
242;2019-03-28 12:16:59;59;502.20;542619
243;2019-09-26 14:53:18;35;3163.20;542620
244;2019-02-08 10:42:09;28;305.30;542621
245;2019-07-07 20:57:25;10;896.00;542622
246;2020-01-30 10:47:13;41;676.00;542623
247;2019-12-30 12:10:25;15;912.00;542624
248;2019-07-24 14:37:02;42;278.00;542625
249;2019-04-29 11:40:31;81;200.00;542626
250;2019-06-14 13:38:03;44;1380.60;542627
251;2019-02-07 19:15:16;35;575.00;542628
252;2018-09-04 06:28:45;46;1412.00;542629
253;2019-04-05 10:44:33;41;550.80;542630
254;2020-02-03 20:23:07;6;149.00;542631
255;2019-02-20 05:48:30;58;816.30;542632
256;2018-08-10 03:59:43;37;2048.50;542633
257;2018-10-24 14:39:39;89;1388.50;542634
258;2019-10-03 12:25:43;51;147.90;542635
259;2018-10-15 02:16:14;39;462.00;542636
260;2019-07-20 23:10:37;3;881.25;542637
261;2019-07-13 10:10:57;56;240.00;542638
262;2018-10-27 15:29:27;6;136.80;542639
263;2018-09-17 11:01:02;71;4735.44;542640
264;2018-08-08 07:43:24;9;3000.00;542641
265;2020-01-25 17:40:29;21;618.00;542642
266;2019-04-20 12:18:46;86;2427.50;542643
267;2019-06-29 20:38:59;20;8623.45;542644
268;2019-05-22 04:25:11;63;10588.50;542645
269;2019-12-19 07:15:36;37;2614.50;542646
270;2019-10-20 20:09:02;53;352.00;542647
271;2018-12-09 17:04:55;80;4150.05;542648
272;2020-03-03 02:04:07;14;2356.00;542649
273;2018-10-19 02:12:23;70;200.00;542650
274;2020-01-17 18:56:09;12;225.50;542651
275;2018-08-08 11:10:12;44;2657.80;542652
276;2019-06-09 13:09:08;72;2715.90;542653
277;2019-07-09 05:21:39;5;3192.65;542654
278;2019-02-07 21:27:27;9;846.00;542655
279;2020-02-28 07:18:53;87;1344.00;542656
280;2019-12-09 04:18:41;63;1670.00;542657
281;2019-01-12 09:43:18;32;396.20;542658
282;2018-07-16 23:47:02;50;946.00;542659
283;2018-10-20 05:51:53;59;4180.00;542660
284;2019-11-23 05:04:55;54;110.00;542661
285;2019-07-08 15:55:31;19;796.35;542662
286;2019-05-31 15:29:25;24;2295.20;542663
287;2020-01-09 04:47:06;44;517.40;542664
288;2020-01-04 22:33:51;3;2156.50;542665
289;2019-10-23 12:34:30;44;2085.00;542666
290;2018-11-03 05:17:33;68;1823.80;542667
291;2019-08-25 13:50:50;11;139.80;542668
292;2019-11-11 02:28:09;11;355.50;542669
293;2018-06-30 15:54:46;63;10191.70;542670
294;2019-06-18 14:16:02;34;2162.80;542671
295;2019-12-17 20:42:24;39;493.80;542672
296;2019-07-23 09:50:31;46;1770.00;542673
297;2019-05-31 10:11:57;48;417.20;542674
298;2019-11-24 20:34:47;43;210.00;542675
299;2019-05-23 21:24:40;84;2812.00;542676
300;2018-10-09 20:25:33;72;1908.00;542677
301;2018-11-19 02:00:19;79;275.10;542678
302;2019-08-09 19:51:32;63;4181.50;542679
303;2019-07-07 18:23:17;30;749.00;542680
304;2018-07-31 18:28:25;28;1836.00;542681
305;2019-03-29 14:18:47;35;880.50;542682
306;2018-08-06 13:15:18;87;1546.30;542683
307;2020-02-22 00:26:42;56;1819.50;542684
308;2019-09-09 05:34:11;71;3680.50;542685
309;2019-07-11 01:37:24;73;835.20;542686
310;2020-01-23 14:31:01;44;1152.50;542687
311;2019-11-16 16:49:27;4;2142.90;542688
312;2019-01-07 02:40:51;7;547.80;542689
313;2018-08-26 23:02:26;25;1257.30;542690
314;2019-05-28 23:16:14;24;2844.50;542691
315;2019-03-17 20:20:28;66;543.00;542692
316;2019-05-02 07:00:14;67;965.00;542693
317;2018-11-11 08:06:19;65;1299.00;542694
318;2019-07-04 07:37:28;51;711.00;542695
319;2019-01-29 10:54:59;7;2040.00;542696
320;2020-01-26 19:49:04;37;3109.00;542697
321;2019-07-28 02:27:00;29;155.00;542698
322;2019-02-23 23:54:24;65;977.50;542699
323;2018-07-16 15:17:36;51;2595.00;542700
324;2020-02-18 05:51:22;20;647.75;542701
325;2019-10-23 02:30:38;5;1565.65;542702
326;2020-02-26 18:05:38;3;2082.00;542703
327;2019-06-28 08:02:52;82;764.30;542704
328;2020-03-03 22:04:00;52;2147.40;542705
329;2018-11-05 22:18:00;80;838.45;542706
330;2018-08-06 22:24:34;82;569.00;542707
331;2019-08-23 09:15:26;11;477.00;542708
332;2018-11-14 11:10:04;45;317.75;542709
333;2018-08-14 16:10:36;56;1067.10;542710
334;2019-09-05 11:29:22;21;387.50;542711
335;2018-12-26 17:01:40;6;330.00;542712
336;2019-02-02 14:46:47;87;2413.90;542713
337;2019-12-31 21:55:29;7;625.00;542714
338;2019-03-08 01:23:41;88;142.50;542715
339;2019-02-07 01:18:32;66;28.00;542716
340;2019-06-23 01:28:12;61;807.38;542717
341;2019-11-21 13:31:59;63;3900.00;542718
342;2019-02-28 12:21:56;32;72.00;542719
343;2019-05-01 09:20:16;51;1140.00;542720
344;2018-12-28 19:42:07;83;812.50;542721
345;2020-02-29 10:36:25;44;543.65;542722
346;2018-08-09 13:02:17;44;2493.00;542723
347;2019-02-06 23:28:46;55;565.50;542724
348;2019-07-08 16:23:36;20;6300.00;542725
349;2020-02-07 21:38:14;89;1476.10;542726
350;2020-02-08 08:07:00;59;800.10;542727
351;2020-01-14 09:46:51;65;2388.50;542728
352;2019-09-10 10:39:50;11;493.00;542729
353;2019-11-09 23:05:11;36;479.80;542730
354;2020-01-13 21:33:00;35;2285.00;542731
355;2018-09-28 11:36:03;83;65.00;542732
356;2020-03-02 07:27:50;71;1508.00;542733
357;2019-05-19 21:37:36;28;256.50;542734
358;2019-08-06 01:51:03;51;4326.00;542735
359;2019-08-28 02:29:05;81;1413.00;542736
360;2019-04-25 16:58:49;71;6475.40;542737
361;2019-02-12 04:33:25;79;1064.00;542738
362;2019-02-22 18:57:16;18;424.00;542739
363;2019-11-20 08:12:37;41;399.00;542740
364;2020-02-18 05:17:52;91;808.00;542741
365;2019-02-20 22:58:04;71;6375.00;542742
366;2018-07-01 15:03:20;35;358.00;542743
367;2019-12-14 07:29:02;6;464.00;542744
368;2019-01-11 11:21:45;90;120.00;542745
369;2020-03-03 11:28:13;32;5032.00;542746
370;2018-07-14 18:22:26;32;1650.00;542747
371;2018-09-21 23:34:07;51;2697.50;542748
372;2019-07-11 13:49:51;51;1260.00;542749
373;2019-08-04 19:33:31;42;57.50;542750
374;2019-03-16 18:24:38;38;758.50;542751
375;2018-10-05 08:29:12;67;605.00;542752
376;2019-05-19 23:18:39;25;1429.75;542753
377;2018-10-05 16:12:15;78;1393.24;542754
378;2018-11-09 23:11:53;2;479.75;542755
379;2019-07-07 18:29:15;5;1503.60;542756
380;2019-02-19 19:57:11;71;1264.50;542757
381;2018-08-25 19:24:44;7;450.00;542758
382;2019-01-12 01:18:41;30;2775.05;542759
383;2019-01-11 06:25:51;39;918.00;542760
384;2019-07-24 03:19:47;41;62.00;542761
385;2018-11-06 18:27:56;86;620.00;542762
386;2018-10-05 22:26:55;20;6483.05;542763
387;2018-10-09 07:57:23;23;4985.50;542764
388;2019-01-29 19:32:45;49;1380.25;542765
389;2018-11-27 11:58:11;87;629.50;542766
390;2018-10-20 00:19:14;62;2896.25;542767
391;2018-10-17 12:48:13;47;2720.05;542768
392;2019-01-28 14:09:56;70;500.00;542769
393;2018-10-27 18:31:39;86;945.00;542770
394;2020-01-28 14:15:03;35;2054.00;542771
395;2018-09-05 10:46:52;73;870.00;542772
396;2019-09-25 01:15:47;1;1086.00;542773
397;2019-01-28 06:04:51;88;1422.00;542774
398;2019-05-17 14:43:33;34;1535.00;542775
399;2019-06-21 17:29:44;37;1928.00;542776
400;2019-01-20 05:24:39;61;636.00;542777
401;2020-01-18 10:40:36;67;382.50;542778
402;2019-07-13 21:15:40;50;1434.00;542779
403;2019-01-09 01:23:04;21;1820.20;542780
404;2019-09-18 03:14:58;86;530.40;542781
405;2019-08-20 09:12:11;31;331.78;542782
406;2018-11-08 22:22:36;25;1203.50;542783
407;2018-07-27 00:23:04;5;668.70;542784
408;2019-06-20 18:54:08;66;193.00;542785
409;2019-10-10 18:28:01;32;671.35;542786
410;2018-08-10 08:44:17;71;4371.60;542787
411;2018-08-04 13:23:55;63;4668.00;542788
412;2018-08-23 15:53:21;62;1291.60;542789
413;2018-12-14 14:21:37;36;1701.00;542790
414;2018-08-28 10:14:35;37;703.25;542791
415;2019-08-14 20:14:40;48;125.00;542792
416;2018-07-30 06:36:11;9;2032.00;542793
417;2018-11-27 21:23:28;28;1515.75;542794
418;2018-08-18 01:15:24;48;1295.00;542795
419;2019-08-13 02:13:12;68;4666.94;542796
420;2018-08-21 15:26:24;20;1921.00;542797
421;2019-03-24 23:38:57;86;694.75;542798
422;2020-01-18 10:02:09;73;570.00;542799
423;2019-01-03 11:20:30;25;2301.75;542800
424;2019-10-10 03:42:39;26;920.10;542801
425;2019-12-25 05:38:19;5;4210.50;542802
426;2018-09-22 14:10:15;90;412.35;542803
427;2018-07-25 07:02:53;38;45.00;542804
428;2019-11-01 04:50:13;25;1423.00;542805
429;2019-12-06 11:09:04;80;534.85;542806
430;2019-12-22 03:21:15;3;956.90;542807
431;2019-11-24 17:25:38;71;5256.50;542808
432;2019-05-24 15:10:58;7;660.00;542809
433;2018-10-13 22:44:35;55;1682.50;542810
434;2018-12-07 08:16:33;32;1327.00;542811
435;2019-10-27 20:15:34;3;375.50;542812
436;2018-10-05 12:34:49;18;63.00;542813
437;2019-03-22 03:13:59;56;1768.00;542814
438;2019-08-22 12:32:02;31;801.10;542815
439;2018-09-05 02:04:49;59;1638.45;542816
440;2019-05-07 21:54:31;37;6201.90;542817
441;2018-11-05 04:24:47;83;3490.00;542818
442;2019-05-17 16:26:56;5;630.00;542819
443;2020-02-29 07:06:52;34;1150.00;542820
444;2019-02-20 18:20:10;63;10164.80;542821
445;2020-02-02 23:26:48;1;878.00;542822
446;2019-06-26 22:20:03;89;2334.00;542823
447;2018-08-30 16:26:28;63;4825.00;542824
448;2019-09-27 16:18:45;90;642.00;542825
449;2019-02-27 16:20:56;89;996.00;542826
450;2019-10-08 20:55:01;47;1073.90;542827
451;2019-07-06 04:38:51;20;3600.73;542828
452;2019-10-02 07:35:46;52;114.00;542829
453;2020-01-19 10:08:53;71;2048.00;542830
454;2019-02-19 01:03:44;37;3370.00;542831
455;2018-09-19 10:58:35;1;330.00;542832
456;2019-05-17 15:48:16;24;2545.00;542833
457;2018-11-10 19:12:13;62;595.50;542834
458;2019-05-16 12:42:50;35;378.00;542835
459;2020-02-06 16:04:09;55;1893.00;542836
460;2018-11-03 02:18:49;4;1704.00;542837
461;2018-10-10 12:28:13;77;180.40;542838
462;2018-11-12 06:31:14;31;3424.00;542839
463;2019-07-04 18:18:04;27;93.50;542840
464;2019-01-28 21:03:13;71;4451.70;542841
465;2020-01-22 14:28:31;37;1238.40;542842
466;2019-07-08 17:19:30;71;2827.90;542843
467;2018-12-01 18:18:31;71;2941.00;542844
468;2019-03-26 03:40:39;9;1296.00;542845
469;2019-03-23 21:34:20;64;706.00;542846
470;2019-12-09 23:56:15;25;1331.75;542847
471;2020-02-29 04:04:52;39;3463.00;542848
472;2019-02-16 17:42:11;45;1125.67;542849
473;2020-01-14 05:22:52;61;550.00;542850
474;2019-04-01 05:54:25;63;972.50;542851
475;2019-04-29 01:30:02;71;1570.00;542852
476;2018-09-12 23:53:29;89;468.45;542853
477;2018-09-20 07:03:56;51;638.50;542854
478;2019-01-03 10:45:49;21;287.80;542855
479;2018-09-13 18:43:52;19;655.00;542856
480;2019-09-06 01:28:27;66;1710.00;542857
481;2018-09-30 07:17:13;62;1296.75;542858
482;2019-07-29 09:07:20;47;1850.00;542859
483;2019-10-07 20:51:37;9;509.75;542860
484;2019-12-08 15:02:40;14;1990.00;542861
485;2018-07-08 09:45:06;9;360.00;542862
486;2019-05-05 17:44:03;5;1459.00;542863
487;2019-04-19 08:31:32;31;1498.35;542864
488;2019-12-20 12:32:05;45;596.00;542865
489;2020-02-02 10:12:25;37;997.00;542866
490;2018-09-04 10:32:27;85;139.80;542867
491;2019-09-05 12:11:35;74;52.35;542868
492;2018-10-25 13:27:07;85;240.00;542869
493;2019-12-04 07:47:28;89;1770.00;542870
494;2019-08-17 06:42:31;4;285.00;542871
495;2019-11-12 09:16:48;10;3118.00;542872
496;2018-07-31 23:23:02;4;336.00;542873
497;2019-11-18 07:11:20;83;920.00;542874
498;2020-02-09 21:54:08;63;4529.80;542875
499;2019-01-16 13:03:16;14;2311.70;542876
500;2019-10-08 00:40:30;59;1912.85;542877
501;2019-11-05 09:19:17;71;2196.00;542878
502;2019-09-30 06:41:31;38;1080.00;542879
503;2019-01-07 15:36:17;87;1871.25;542880
504;2019-01-18 22:03:30;68;1701.46;542881
505;2019-09-13 14:35:13;53;252.00;542882
506;2019-06-29 03:52:10;27;88.00;542883
507;2019-11-11 22:41:48;49;55.20;542884
508;2018-12-24 02:59:03;9;2598.00;542885
509;2018-07-02 06:56:27;75;2487.50;542886
510;2018-10-04 13:51:39;71;3082.00;542887
511;2019-10-19 23:35:30;68;1644.60;542888
512;2019-03-06 12:29:11;2;320.00;542889
513;2019-09-06 03:45:57;50;3304.00;542890
514;2019-01-03 02:28:46;65;629.50;542891
515;2019-03-09 13:12:36;24;4337.00;542892
516;2018-09-24 20:43:16;23;616.00;542893
517;2019-04-19 04:05:06;20;2540.00;542894
518;2020-02-10 16:22:19;63;1684.00;542895
519;2019-02-13 05:42:53;56;2310.00;542896
520;2020-02-21 04:34:03;76;28.00;542897
521;2019-10-18 13:48:09;4;1477.00;542898
522;2020-01-26 06:25:13;83;1704.00;542899
523;2019-02-04 11:48:14;34;315.00;542900
524;2020-02-23 16:52:06;20;344.00;542901
525;2019-11-26 09:02:21;44;3603.22;542902
526;2018-11-23 04:42:05;20;2216.25;542903
527;2019-08-23 21:29:54;24;875.00;542904
528;2019-09-03 18:29:51;78;228.00;542905
529;2019-04-05 14:06:10;20;6984.50;542906
530;2018-10-14 14:07:52;31;280.00;542907
531;2019-05-06 16:27:25;5;96.50;542908
532;2018-07-03 13:00:05;52;1335.00;542909
533;2019-05-13 16:44:43;46;720.00;542910
534;2019-06-12 17:49:56;87;1132.35;542911
535;2018-12-18 01:02:05;12;12.50;542912
536;2019-09-01 11:47:12;34;1442.50;542913
537;2019-08-03 04:56:22;49;1650.00;542914
538;2018-10-03 23:26:50;33;387.50;542915
539;2019-11-26 07:31:38;62;1913.85;542916
540;2019-09-10 23:24:17;41;2760.80;542917
541;2018-08-01 08:33:04;63;770.00;542918
542;2018-09-17 21:39:07;23;3687.00;542919
543;2019-04-29 09:42:55;31;850.00;542920
544;2018-08-16 04:43:49;25;1926.06;542921
545;2020-01-08 19:36:56;91;399.85;542922
546;2019-01-02 06:59:46;4;191.10;542923
547;2019-11-02 01:14:40;61;393.45;542924
548;2018-08-14 17:20:36;20;2499.25;542925
549;2020-02-26 01:05:35;35;2878.08;542926
550;2019-09-04 20:32:41;17;420.00;542927
551;2019-06-07 02:33:17;38;446.60;542928
552;2019-08-19 22:14:55;39;1585.00;542929
553;2019-09-11 17:41:19;72;1632.15;542930
554;2019-05-27 07:48:25;8;4035.80;542931
555;2019-06-06 09:04:45;73;3923.75;542932
556;2018-10-06 08:05:03;88;1255.80;542933
557;2018-09-22 01:17:35;72;2290.40;542934
558;2018-11-03 05:19:21;77;2775.00;542935
559;2019-07-14 21:50:35;84;572.10;542936
560;2019-04-16 18:21:29;27;18.40;542937
561;2019-05-11 01:22:13;55;1660.00;542938
562;2018-09-26 09:53:13;88;140.00;542939
563;2018-10-21 09:26:00;42;187.00;542940
564;2019-04-28 16:36:59;47;852.00;542941
565;2020-01-09 16:53:28;66;1852.00;542942
566;2018-08-08 18:43:00;67;648.00;542943
567;2019-07-05 09:01:11;84;2070.00;542944
568;2019-11-14 10:03:30;71;40.00;542945
569;2018-12-17 20:20:32;32;8891.00;542946
570;2020-01-30 00:38:46;39;11490.70;542947
571;2019-12-18 22:18:50;49;833.00;542948
572;2019-05-28 23:44:26;12;477.00;542949
573;2018-08-24 02:52:16;65;1140.00;542950
574;2019-11-20 16:14:35;75;678.00;542951
575;2019-12-14 08:42:45;82;237.90;542952
576;2019-12-03 04:56:32;46;3107.50;542953
577;2019-07-29 08:41:03;24;250.80;542954
578;2019-08-13 03:42:15;17;1030.76;542955
579;2019-03-05 02:34:40;7;730.00;542956
580;2018-07-14 00:53:10;9;843.00;542957
581;2020-01-08 21:48:25;64;932.00;542958
582;2019-04-12 05:29:12;38;1764.00;542959
583;2019-07-08 22:07:17;81;1974.00;542960
584;2019-07-31 08:15:26;70;2684.40;542961
585;2019-03-02 09:01:54;41;568.95;542962
586;2018-08-07 19:29:45;56;1007.70;542963
587;2018-09-12 10:29:41;81;1508.12;542964
588;2019-03-13 17:05:42;1;851.00;542965
589;2019-09-18 16:06:04;20;4705.50;542966
590;2019-02-13 02:19:51;5;1254.00;542967
591;2019-08-23 23:27:35;47;2584.50;542968
592;2019-01-01 11:24:58;81;919.50;542969
593;2019-04-09 22:48:42;47;264.00;542970
594;2019-03-05 17:55:11;76;4581.00;542971
595;2019-07-27 20:16:23;80;975.00;542972
596;2020-02-23 09:42:57;84;212.00;542973
597;2020-02-28 08:52:13;59;735.00;542974
598;2018-07-01 12:18:49;63;4059.00;542975
599;2018-07-30 01:04:00;76;1112.00;542976
600;2018-11-23 15:30:09;71;6164.90;542977
601;2018-07-28 12:25:21;16;931.50;542978
602;2019-05-15 03:42:53;39;1052.14;542979
603;2019-04-06 02:24:58;84;740.00;542980
604;2019-09-17 00:02:45;67;2740.00;542981
605;2018-11-26 14:05:26;65;2984.00;542982
606;2018-08-01 10:25:29;6;625.00;542983
607;2019-05-25 21:57:45;20;3490.00;542984
608;2019-05-18 03:38:52;55;2275.25;542985
609;2018-07-06 10:27:41;3;660.00;542986
610;2019-04-23 18:28:24;5;2630.95;542987
611;2019-02-24 10:05:30;40;649.00;542988
612;2019-04-30 18:08:55;25;1438.25;542989
613;2019-01-06 22:34:39;26;519.00;542990
614;2018-08-10 09:33:04;89;3523.40;542991
615;2019-03-07 16:07:59;44;581.00;542992
616;2019-11-26 14:07:19;35;519.00;542993
617;2020-02-10 19:19:13;4;282.00;542994
618;2018-12-27 03:20:42;63;17250.00;542995
619;2019-06-25 07:52:25;5;1461.60;542996
620;2018-07-31 02:26:35;48;98.40;542997
621;2019-05-02 13:42:16;62;2004.60;542998
622;2019-01-25 10:18:11;72;1630.00;542999
623;2018-11-05 09:30:41;91;160.00;543000
624;2018-07-14 15:45:27;9;2083.40;543001
625;2019-04-30 14:21:45;30;2166.80;543002
626;2019-03-05 21:39:02;90;336.80;543003
627;2019-05-27 16:16:28;30;310.00;543004
628;2019-04-23 02:31:48;5;729.50;543005
629;2019-11-03 10:56:13;9;917.00;543006
630;2019-05-31 20:12:16;67;2086.00;543007
631;2019-01-21 19:19:15;63;1620.00;543008
632;2018-07-22 11:06:04;90;611.30;543009
633;2018-10-19 09:39:10;24;1875.00;543010
634;2019-11-02 14:04:14;12;150.00;543011
635;2019-03-30 01:30:14;71;988.40;543012
636;2019-11-22 01:25:05;48;36.00;543013
637;2019-11-12 23:41:17;45;1450.60;543014
638;2019-06-25 04:17:46;76;1209.00;543015
639;2019-04-24 21:31:34;34;3127.50;543016
640;2019-08-18 21:51:08;29;70.00;543017
641;2020-01-14 06:47:32;30;605.00;543018
642;2019-06-06 13:30:53;65;11380.00;543019
643;2018-07-18 22:18:24;18;860.10;543020
644;2019-04-28 00:05:54;44;388.35;543021
645;2019-02-08 02:40:54;50;2200.00;543022
646;2019-01-26 12:13:25;39;5502.11;543023
647;2019-07-19 04:10:55;71;2898.00;543024
648;2018-08-28 05:20:57;20;6379.40;543025
649;2019-07-10 15:18:34;50;750.50;543026
650;2019-10-13 09:36:35;37;10835.24;543027
651;2020-03-01 12:13:50;54;30.00;543028
652;2019-08-15 05:25:57;46;144.00;543029
653;2019-02-10 13:34:52;88;45.00;543030
654;2019-11-22 15:43:02;35;934.50;543031
655;2018-07-30 21:57:11;24;1015.80;543032
656;2019-10-13 04:43:22;34;932.05;543033
657;2019-08-16 13:51:52;89;1924.25;543034
658;2018-08-06 17:15:49;88;360.00;543035
659;2018-12-29 21:50:03;91;427.50;543036
660;2019-01-02 19:29:26;74;108.50;543037
661;2019-07-21 07:03:36;66;698.00;543038
662;2018-11-17 21:56:15;70;670.00;543039
663;2018-12-09 04:37:03;90;452.90;543040
664;2019-07-24 04:23:07;30;858.00;543041
665;2019-02-14 05:11:00;37;8267.40;543042
666;2020-02-15 00:52:16;62;958.75;543043
667;2019-09-14 20:54:54;62;537.50;543044
668;2019-08-29 05:04:19;80;539.50;543045
669;2019-01-01 20:43:26;64;686.70;543046
670;2019-03-27 04:30:50;69;365.89;543047
671;2018-12-25 18:30:25;10;1930.00;543048
672;2018-09-22 06:06:12;47;1122.80;543049
673;2019-11-13 11:06:18;4;390.00;543050
674;2019-08-12 21:19:32;83;1936.00;543051
675;2019-12-23 00:25:20;34;742.50;543052
676;2019-03-05 07:14:37;41;936.00;543053
677;2019-02-19 23:03:43;5;2034.50;543054
678;2019-09-03 20:41:16;34;559.00;543055
679;2019-02-04 07:21:49;2;514.40;543056
680;2019-08-24 10:51:50;40;800.00;543057
681;2019-01-30 05:20:19;29;137.50;543058
682;2019-08-30 06:12:38;25;1174.75;543059
683;2019-03-15 12:08:49;76;2455.00;543060
684;2018-07-14 17:12:48;68;837.00;543061
685;2019-12-12 02:44:09;9;1925.50;543062
686;2018-11-22 05:08:53;38;920.60;543063
687;2019-07-02 18:38:35;44;500.00;543064
688;2018-12-20 02:52:51;88;700.00;543065
689;2019-07-13 18:35:06;32;570.00;543066
690;2018-11-21 09:23:33;12;644.80;543067
691;2019-01-18 03:19:00;63;3642.50;543068
692;2020-01-29 11:30:57;49;750.00;543069
693;2019-09-13 07:44:18;9;360.00;543070
694;2019-10-10 03:15:16;71;4769.00;543071
695;2019-08-04 03:10:03;66;560.00;543072
696;2020-02-20 05:10:59;11;711.00;543073
697;2020-01-21 13:31:24;10;1139.10;543074
698;2019-09-10 14:10:36;52;245.00;543075
699;2019-10-20 05:25:22;83;1407.50;543076
700;2019-10-01 18:41:40;11;220.00;543077
701;2019-03-04 15:18:48;30;2362.25;543078
702;2019-10-21 08:35:35;10;4422.00;543079
703;2019-08-22 18:08:08;49;110.00;543080
704;2018-08-13 03:00:27;68;482.90;543081
705;2019-01-12 09:44:26;1;491.20;543082
706;2019-02-20 01:47:27;4;4675.00;543083
707;2020-02-07 02:50:31;47;1902.10;543084
708;2019-07-19 16:56:49;24;93.00;543085
709;2018-12-10 03:19:05;6;677.00;543086
710;2019-04-04 01:51:36;35;1762.70;543087
711;2019-04-12 09:27:18;54;781.00;543088
712;2020-02-18 16:48:17;31;155.00;543089
713;2019-04-14 15:46:05;35;276.60;543090
714;2019-03-20 16:32:10;62;1122.00;543091
715;2019-09-26 10:29:10;63;3584.00;543092
716;2019-03-02 23:55:56;28;68.00;543093
717;2019-10-29 04:18:44;74;2052.50;543094
718;2019-10-05 18:52:26;55;848.00;543095
719;2019-02-25 19:32:35;14;1255.60;543096
720;2019-09-05 05:12:13;79;910.40;543097
721;2019-01-24 12:29:53;20;1408.00;543098
722;2019-06-27 10:59:21;15;108.00;543099
723;2020-01-23 03:33:44;8;280.00;543100
724;2019-12-25 05:57:10;26;1733.06;543101
725;2019-07-20 05:11:14;40;251.50;543102
726;2019-04-23 07:11:13;40;291.55;543103
727;2019-05-27 19:29:00;75;439.00;543104
728;2018-11-29 13:57:57;10;717.50;543105
729;2019-07-18 23:29:18;35;912.00;543106
730;2019-02-17 00:39:13;24;2233.00;543107
731;2018-07-09 03:54:49;50;1500.70;543108
732;2020-02-01 18:43:01;20;4813.50;543109
733;2019-08-24 04:57:11;24;310.00;543110
734;2019-06-21 15:43:28;34;15810.00;543111
735;2019-12-05 14:52:21;10;1014.00;543112
736;2019-05-14 00:17:56;71;796.50;543113
737;2018-07-20 03:59:11;71;1809.75;543114
738;2019-07-13 20:08:44;37;2248.20;543115
739;2020-02-23 13:52:40;54;2220.00;543116
740;2018-08-04 17:03:43;19;2772.00;543117
741;2019-01-31 09:47:13;65;3772.00;543118
742;2019-06-20 07:51:30;61;1353.60;543119
743;2019-11-27 20:02:27;20;4931.00;543120
744;2019-04-09 01:44:18;63;2870.00;543121
745;2019-10-27 08:40:45;77;69.60;543122
746;2019-06-07 11:17:25;24;6527.25;543123
747;2019-03-17 05:31:28;83;990.00;543124
748;2019-03-31 16:51:39;58;1196.00;543125
749;2020-02-13 18:50:26;63;560.00;543126
750;2019-04-25 03:43:48;46;1980.00;543127
751;2019-05-26 22:14:15;91;686.00;543128
752;2018-11-19 14:06:29;56;1261.00;543129
753;2019-06-01 15:56:15;65;1075.00;543130
754;2018-07-25 10:28:23;24;2769.00;543131
755;2019-06-14 05:39:45;71;1902.00;543132
756;2019-09-12 18:00:09;78;326.00;543133
757;2019-12-18 11:08:07;50;295.38;543134
758;2018-11-09 22:46:43;90;586.00;543135
759;2019-04-13 09:35:47;32;391.58;543136
760;2019-08-27 13:45:24;60;2633.90;543137
761;2018-07-25 13:06:14;20;4903.50;543138
762;2018-09-27 01:21:32;30;702.00;543139
763;2019-07-04 14:35:32;66;645.00;543140
764;2019-06-15 17:59:38;1;960.00;543141
765;2018-07-30 08:18:13;25;2974.00;543142
766;2019-05-27 12:38:42;69;361.00;543143
767;2019-06-01 11:25:30;47;270.20;543144
768;2018-09-11 05:17:57;70;622.35;543145
769;2020-02-08 17:19:49;4;491.50;543146
770;2019-03-19 17:51:51;20;6750.00;543147
771;2018-12-11 01:26:23;48;1575.00;543148
772;2018-08-02 00:42:57;64;76.00;543149
773;2019-04-15 11:22:11;56;744.00;543150
774;2018-10-26 03:48:40;63;6941.49;543151
775;2019-06-03 21:03:22;34;1402.00;543152
776;2018-10-17 18:57:25;11;1500.00;543153
777;2018-11-25 19:43:32;19;1966.81;543154
778;2019-08-19 16:52:01;87;300.00;543155
779;2019-08-05 22:16:04;27;1030.00;543156
780;2018-11-24 22:50:54;10;1170.30;543157
781;2018-11-27 11:32:51;39;2160.00;543158
782;2019-05-05 12:18:08;14;1286.80;543159
783;2019-10-24 12:58:41;71;16321.90;543160
784;2019-03-06 01:05:38;71;2393.50;543161
785;2019-08-21 02:38:40;89;8902.50;543162
786;2018-10-16 07:03:03;68;3592.00;543163
787;2019-12-04 04:25:51;55;554.40;543164
788;2019-09-13 09:06:39;76;1754.50;543165
789;2018-07-20 18:22:17;17;1692.00;543166
790;2018-07-14 17:38:04;30;60.00;543167
791;2018-07-12 08:10:02;76;751.00;543168
792;2018-07-18 11:02:34;47;3090.00;543169
793;2018-08-25 05:49:21;32;200.00;543170
794;2019-02-11 19:05:39;14;1887.00;543171
795;2019-06-15 16:06:44;15;405.75;543172
796;2019-10-01 09:23:19;74;210.00;543173
797;2018-07-09 19:43:00;91;591.60;543174
798;2019-12-03 12:31:35;10;1309.50;543175
799;2018-10-24 22:35:32;86;1564.00;543176
800;2019-03-09 04:29:31;19;1090.50;543177
801;2019-04-21 12:47:34;10;525.00;543178
802;2018-10-14 12:35:51;31;342.00;543179
803;2019-03-19 12:43:08;24;900.00;543180
804;2019-07-13 11:54:42;41;45.00;543181
805;2019-11-02 07:30:41;34;1665.00;543182
806;2018-09-23 22:55:54;59;3658.75;543183
807;2019-01-06 21:14:04;12;305.00;543184
808;2018-09-19 23:29:11;35;1727.50;543185
809;2019-09-26 17:50:19;19;3740.00;543186
810;2018-12-24 02:50:38;53;45.00;543187
811;2018-11-17 20:48:47;6;858.00;543188
812;2018-12-20 22:38:36;67;1838.00;543189
813;2019-09-21 01:53:16;27;266.00;543190
814;2019-10-31 10:37:04;32;510.00;543191
815;2019-10-26 09:32:09;66;508.00;543192
816;2019-06-02 01:56:10;37;1445.50;543193
817;2019-02-21 04:10:55;71;4722.30;543194
818;2018-12-17 14:12:39;46;252.56;543195
819;2018-11-22 09:37:09;89;928.75;543196
820;2019-02-01 04:34:20;17;86.85;543197
821;2018-07-30 04:06:49;62;2384.80;543198
822;2018-10-26 18:57:42;80;360.00;543199
823;2019-11-16 09:34:36;44;1873.50;543200
824;2019-05-15 23:06:29;46;510.00;543201
825;2018-09-25 13:55:14;20;5218.00;543202
826;2018-10-02 12:23:19;58;300.00;543203
827;2019-01-26 19:17:26;73;244.30;543204
828;2018-12-02 21:23:49;68;586.00;543205
829;2018-11-25 00:13:23;9;1057.00;543206
830;2019-03-30 08:02:05;65;1374.60;543207
